"intercept","slope","r2","p.val","code","temperature","concentration","treatment","replicate","density","rate.per.cell","rate.per.cell.nW"
-175.265777137724,-1.43794034568846,0.998278013581225,0,"100_15_A_8000",12.5,100,"15","A",8000,-1.79742543211058e-07,1.43367545456594
-40.101991876827,-0.0836928829140842,0.927911907168724,0,"100_15_B_8000",12.5,100,"15","B",8000,-1.04616103642605e-08,0.0834446521481633
-56.5220083445523,-0.243643471410501,0.991257057294487,0,"100_15_C_8000",12.5,100,"15","C",8000,-3.04554339263126e-08,0.242920831642172
-87.3245722182158,-0.401536652686939,0.996038928496388,0,"100_15_D_8000",12.5,100,"15","D",8000,-5.01920815858674e-08,0.400345706128865
-50.8664811465892,-0.322307110328875,0.994928734013328,0,"100_20_A_8000",12.5,100,"20","A",8000,-4.02883887911093e-08,0.321351156392615
-57.6556528563181,-0.201171531371381,0.99506483835642,0,"100_20_B_8000",12.5,100,"20","B",8000,-2.51464414214226e-08,0.200574862197432
-53.9248978125896,-0.159533977014852,0.990279706036195,0,"100_20_C_8000",12.5,100,"20","C",8000,-1.99417471268565e-08,0.159060803670526
-52.1540221906443,-0.247723917352141,0.993503437207172,0,"100_20_D_8000",12.5,100,"20","D",8000,-3.09654896690176e-08,0.246989175094494
-47.8700596208991,-0.388499272600591,0.996725189468998,0,"100_25_A_8000",12.5,100,"25","A",8000,-4.85624090750738e-08,0.387346994549704
-56.7009641967697,-0.245029306407162,0.996295189125585,0,"100_25_B_8000",12.5,100,"25","B",8000,-3.06286633008953e-08,0.244302556290728
-45.1025115401851,-0.258074649384599,0.996612798728624,0,"100_25_C_8000",12.5,100,"25","C",8000,-3.22593311730748e-08,0.257309207143264
-57.6133645528663,-0.237728613828959,0.994955002230475,0,"100_25_D_8000",12.5,100,"25","D",8000,-2.97160767286199e-08,0.237023517363915
1.07258144558312,0.00470021717024074,0.0640966846578939,1.17073107437889e-14,"100_control_A_8000",12.5,100,"control","A",8000,5.87527146280093e-10,-0.0046862764566754
11.0863962980756,0.000545289724418243,0.00126544532490792,0.285866031063156,"100_control_B_8000",12.5,100,"control","B",8000,6.81612155522804e-11,-0.000543672410242555
-16.7221917023703,0.00116103434450344,0.00713221050849891,0.0111678315856141,"100_control_C_8000",12.5,100,"control","C",8000,1.4512929306293e-10,-0.0011575907488886
4.5632139587115,-0.00640654123916236,0.17184619016198,9.01135038230597e-39,"100_control_D_8000",12.5,100,"control","D",8000,-8.00817654895295e-10,0.00638753961580649
-47.1236800333564,-0.408660254778043,0.996773236085951,0,"200_15_A_8000",12.5,200,"15","A",8000,-5.10825318472554e-08,0.407448179814045
-52.7834632597134,-0.584535829706324,0.998137429928935,0,"200_15_B_13333",12.5,200,"15","B",13333,-4.38412832600558e-08,0.349690009853759
-27.0598723720782,-0.2121306756604,0.977134613597694,0,"200_15_C_4000",12.5,200,"15","C",4000,-5.30326689151001e-08,0.423003003937821
-40.355894069861,-0.0804215327615531,0.918971928534863,0,"200_15_D_4000",12.5,200,"15","D",4000,-2.01053831903883e-08,0.160366009458628
-67.3664604809428,-0.234433404561471,0.954496805778945,0,"200_20_A_8000",12.5,200,"20","A",8000,-2.93041755701839e-08,0.23373808159558
-27.4463005343352,-0.39120090367446,0.997556057833643,0,"200_20_B_8000",12.5,200,"20","B",8000,-4.89001129593075e-08,0.390040612660853
-29.2176713806705,-0.0472591898823958,0.889701226332928,0,"200_20_C_4000",12.5,200,"20","C",4000,-1.18147974705989e-08,0.0942380408759197
-91.4616583166192,-0.744147902957366,0.997302077455193,0,"200_20_D_12000",12.5,200,"20","D",12000,-6.20123252464472e-08,0.494627187298646
-48.0615044962612,-0.153034467744869,0.989700352879095,0,"200_25_A_8000",12.5,200,"25","A",8000,-1.91293084681087e-08,0.152580571764495
-59.6296593974326,-0.447420958775307,0.998173080920128,0,"200_25_B_8000",12.5,200,"25","B",8000,-5.59276198469134e-08,0.446093920639939
-37.3986021456781,-0.218407727744032,0.996015392940971,0,"200_25_C_8000",12.5,200,"25","C",8000,-2.73009659680041e-08,0.217759936490425
-44.337044906045,-0.225673906589354,0.995837087393324,0,"200_25_D_8000",12.5,200,"25","D",8000,-2.82092383236693e-08,0.22500456405113
-1.35216886182795,0.0323292326293368,0.74097248881623,3.12810055475578e-266,"200_control_A_8000",12.5,200,"control","A",8000,4.0411540786671e-09,-0.0322333450233925
15.0236230006278,0.0212120089634262,0.73843584521902,2.51520658663902e-264,"200_control_B_8000",12.5,200,"control","B",8000,2.65150112042827e-09,-0.0211490947340631
15.592215920241,-0.0532098185011358,0.925586896302758,0,"200_control_C_8000",12.5,200,"control","C",8000,-6.65122731264197e-09,0.0530519996575119
-29.2636700590408,-0.000331423091627305,0.000387733836133887,0.554773760159049,"200_control_D_8000",12.5,200,"control","D",8000,-4.14278864534131e-11,0.000330440099943735
-73.1402286505446,-0.551747921280868,0.99848395962515,0,"50_15_A_13333",12.5,50,"15","A",13333,-4.13821286492813e-08,0.330075123241689
-41.6514344929262,-0.358374282001286,0.997611725577223,0,"50_15_B_8000",12.5,50,"15","B",8000,-4.47967852501608e-08,0.357311353835711
-65.0942379820548,-0.411994316887728,0.995400092959435,0,"50_15_C_8000",12.5,50,"15","C",8000,-5.1499289610966e-08,0.410772353188126
-38.4646230294537,-0.263911744500561,0.986435253591386,0,"50_15_D_8000",12.5,50,"15","D",8000,-3.29889680625701e-08,0.263128989597254
-93.5490499496364,-0.657328249715126,0.993411952439049,0,"50_20_A_8000",12.5,50,"20","A",8000,-8.21660312143908e-08,0.655378632385589
-88.1083725417024,-0.589686768628213,0.997226452404889,0,"50_20_B_10000",12.5,50,"20","B",10000,-5.89686768628213e-08,0.470350219242119
-21.0396043033606,-0.0715160309453967,0.960112122594282,0,"50_20_C_5000",12.5,50,"20","C",5000,-1.43032061890793e-08,0.11408626621467
-28.5949626331191,-0.0318661579133885,0.736052643001282,1.6410073084188e-183,"50_20_D_4000",12.5,50,"20","D",4000,-7.96653947834713e-09,0.0635432875483769
-72.4039212896563,-0.33449585279584,0.993020863137809,0,"50_25_A_12000",12.5,50,"25","A",12000,-2.78746543996533e-08,0.222335831591999
-88.7657440977647,-0.526796923657547,0.98413983572863,0,"50_25_B_13500",12.5,50,"25","B",13500,-3.90219943450035e-08,0.311250049549764
-56.7391703902364,-0.175645028759521,0.993600828680939,0,"50_25_C_8000",12.5,50,"25","C",8000,-2.19556285949401e-08,0.175124070483249
-51.0900468311242,-0.22161279102056,0.989149885850359,0,"50_25_D_8000",12.5,50,"25","D",8000,-2.77015988775699e-08,0.220955493638303
-8.20680235669287,-0.0100758846079799,0.340681630084252,1.78002555992637e-83,"50_control_A_8000",12.5,50,"control","A",8000,-1.25948557599749e-09,0.0100459998141183
4.46827455354541,0.0144229110592101,0.522631986499099,1.11983335711957e-146,"50_control_B_8000",12.5,50,"control","B",8000,1.80286388240126e-09,-0.0143801331056449
1.95274717782749,-0.00228715199899252,0.0266377940648218,8.30558274822917e-07,"50_control_C_8000",12.5,50,"control","C",8000,-2.85893999874065e-10,0.00228036836969551
1.78578062531999,-0.00205987445223763,0.0131036657307783,0.000572091361466673,"50_control_D_8000",12.5,50,"control","D",8000,-2.57484306529703e-10,0.00205376492183102
-48.4776851364173,-0.666441326532002,0.998565391373083,0,"100_15_A_8000",15,100,"15","A",8000,-8.33051658165002e-08,0.664464680069767
-5.50758432403848,-0.313696802525895,0.988152466346386,0,"100_15_B_8000",15,100,"15","B",8000,-3.92121003157369e-08,0.312766386523404
-39.4110753074009,-0.961490118361389,0.995914063237274,0,"100_15_C_8000",15,100,"15","C",8000,-1.20186264795174e-07,0.958638365378388
-62.8556825377621,-1.08532910631075,0.995924002184103,0,"100_15_D_8000",15,100,"15","D",8000,-1.35666138288843e-07,1.08211005032946
-34.330454151942,-0.621264165319854,0.996605856785672,0,"100_20_A_8000",15,100,"20","A",8000,-7.76580206649818e-08,0.619421513062853
-41.0109261646753,-0.465853313011043,0.995912227070243,0,"100_20_B_8000",15,100,"20","B",8000,-5.82316641263804e-08,0.464471605025022
-30.8718906702715,-0.367273149709982,0.992638600635392,0,"100_20_C_8000",15,100,"20","C",8000,-4.59091437137477e-08,0.366183827749974
-26.3446793964709,-0.390577346154111,0.997806301017931,0,"100_20_D_8000",15,100,"20","D",8000,-4.88221682692639e-08,0.389418904594789
-67.8028158539609,-0.581662635359365,0.99752754444259,0,"100_25_A_8000",15,100,"25","A",8000,-7.27078294199206e-08,0.579937440140184
-57.8234831859285,-0.456782512251303,0.998330077052373,0,"100_25_B_8000",15,100,"25","B",8000,-5.70978140314129e-08,0.455427708008369
-64.7467974480038,-1.69952350294339,0.994706754947141,0,"100_25_C_8000",15,100,"25","C",8000,-2.12440437867924e-07,1.69448276344265
-41.8154151845629,-0.26956088292637,0.994710886405243,0,"100_25_D_8000",15,100,"25","D",8000,-3.36951103657962e-08,0.268761372835412
8.42313548963438,0.00691161649284155,0.207686369581691,5.11921083807414e-48,"100_control_A_8000",15,100,"control","A",8000,8.63952061605194e-10,-0.00689111683031313
-10.5944454623728,-0.0148637664138615,0.708925549924608,2.24092484329983e-246,"100_control_B_8000",15,100,"control","B",8000,-1.85797080173269e-09,0.0148196808955604
1.19938913534413,-0.0121376604445829,0.533034614446562,8.26883145144571e-153,"100_control_C_8000",15,100,"control","C",8000,-1.51720755557286e-09,0.0121016604808615
0.971920837394275,0.0200898103656027,0.781895385261205,1.72661722681316e-303,"100_control_D_8000",15,100,"control","D",8000,2.51122629570034e-09,-0.0200302245461086
-51.0247169425872,-0.435601394726989,0.997190235717879,0,"200_15_A_4000",15,200,"15","A",4000,-1.08900348681747e-07,0.868618826180536
-7.66766186724492,-0.544473402530091,0.998329114893932,0,"200_15_B_8000",15,200,"15","B",8000,-6.80591753162614e-08,0.542858509542448
12.8387340474832,-0.168875592833587,0.992046902411421,0,"200_15_C_2000",15,200,"15","C",2000,-8.44377964167934e-08,0.673498850064924
-4.26756638684958,-0.156079115932724,0.99071258809246,0,"200_15_D_2000",15,200,"15","D",2000,-7.80395579663618e-08,0.622464758441592
-62.8021970667405,-0.833282702526516,0.987035759614862,0,"200_20_A_8000",15,200,"20","A",8000,-1.04160337815814e-07,0.830811209177564
-50.5424104758689,-0.755743280236836,0.997097401087897,0,"200_20_B_8000",15,200,"20","B",8000,-9.44679100296045e-08,0.753501766660522
-30.2710535816382,-0.272850272419465,0.992312156124759,0,"200_20_C_6000",15,200,"20","C",6000,-4.54750454032442e-08,0.362721341454191
-63.6583425917947,-0.52665749953896,0.99408755151086,0,"200_20_D_8000",15,200,"20","D",8000,-6.583218744237e-08,0.525095448024702
-29.8704264581653,-0.175447172192456,0.986550305574075,0,"200_25_A_2000",15,200,"25","A",2000,-8.7723586096228e-08,0.699707203013063
-49.3050909848546,-0.713120817713736,0.99855629806805,0,"200_25_B_6000",15,200,"25","B",6000,-1.18853469618956e-07,0.948007628236412
-19.4812875060636,-0.604899706413176,0.998861334402163,0,"200_25_C_6000",15,200,"25","C",6000,-1.00816617735529e-07,0.804140787582299
-25.477534718838,-0.453077682275447,0.998088084533983,0,"200_25_D_2000",15,200,"25","D",2000,-2.26538841137724e-07,1.80693546582124
-8.47283633528682,0.0215410721773255,0.498368242247112,1.25368140857146e-138,"200_control_A_8000",15,200,"control","A",8000,2.69263402216569e-09,-0.0214771819556107
-9.71249256673413,-0.0140552657604119,0.648303121868287,6.24701813148363e-209,"200_control_B_8000",15,200,"control","B",8000,-1.75690822005149e-09,0.0140135782325906
15.6107527213304,0.0199449661076806,0.818127759117124,0,"200_control_C_8000",15,200,"control","C",8000,2.49312076346008e-09,-0.0198858098922321
2.57457618069055,-0.0274307725245944,0.741367581088588,9.20382060621338e-270,"200_control_D_8000",15,200,"control","D",8000,-3.42884656557429e-09,0.0273494136152523
-9.00202643658539,-0.341794597921404,0.993492694335288,0,"50_15_A_6000",15,50,"15","A",6000,-5.69657663202339e-08,0.454374459517684
-16.5434717467064,-0.494581679525815,0.982791289096082,0,"50_15_B_2000",15,50,"15","B",2000,-2.47290839762907e-07,1.97245905601089
-59.8073171791071,-0.651133834562812,0.997067666529719,0,"50_15_C_8000",15,50,"15","C",8000,-8.13917293203514e-08,0.649202589696549
-34.6174370518113,-0.806350998122403,0.998139309943596,0,"50_15_D_8000",15,50,"15","D",8000,-1.007938747653e-07,0.803959383460611
-46.6935248227349,-0.68338042001992,0.998345575983767,0,"50_20_A_8000",15,50,"20","A",8000,-8.542255250249e-08,0.68135353267693
-28.5275675559726,-0.564905688356408,0.998317528603954,0,"50_20_B_8000",15,50,"20","B",8000,-7.0613211044551e-08,0.563230193776567
-23.2505672541531,-0.397396479530195,0.996191807696643,0,"50_20_C_8000",15,50,"20","C",8000,-4.96745599412744e-08,0.3962178126107
-9.76474278464405,-0.0741678052329024,0.922280573232595,0,"50_20_D_8000",15,50,"20","D",8000,-9.2709756541128e-09,0.0739478255827984
8.2076715293276,-0.15859190849655,0.971985747032347,0,"50_25_A_8000",15,50,"25","A",8000,-1.98239885620688e-08,0.15812152930128
-60.8688548029717,-0.376226309421502,0.997413286680676,0,"50_25_B_10000",15,50,"25","B",10000,-3.76226309421502e-08,0.300088346110791
2.19103384018523,-0.106351935351668,0.967251217957161,0,"50_25_C_8000",15,50,"25","C",8000,-1.32939919189585e-08,0.106036498465636
-74.6065185854946,-0.183879938697855,0.984751434016016,0,"50_25_D_6000",15,50,"25","D",6000,-3.06466564496426e-08,0.244446074543271
-19.5618428726746,0.0115936508223064,0.623377423777548,2.23738930845523e-195,"50_control_A_8000",15,50,"control","A",8000,1.4492063527883e-09,-0.0115592643760133
-11.7169032861775,-0.00165019931442593,0.0363003341622566,6.54233331445629e-09,"50_control_B_8000",15,50,"control","B",8000,-2.06274914303241e-10,0.00164530486909821
12.4366266044898,-0.0199530586937304,0.834887196073661,0,"50_control_C_8000",15,50,"control","C",8000,-2.4941323367163e-09,0.0198938784758964
18.8421195543624,0.0100096071858497,0.456548559845001,9.06718950304161e-123,"50_control_D_8000",15,50,"control","D",8000,1.25120089823122e-09,-0.00997991896898115
-6.15016705314097,-1.3615140588702,0.999389479541552,0,"100_15_A_8000",17.5,100,"15","A",8000,-1.70189257358775e-07,1.35747584599142
-1.41663618403922,-0.528022439374903,0.994661025771045,0,"100_15_B_8000",17.5,100,"15","B",8000,-6.60028049218629e-08,0.526456339487007
-44.5175494311655,-2.53963450190781,0.998185586626309,6.36847249554672e-246,"100_15_C_8000",17.5,100,"15","C",8000,-3.17454312738477e-07,2.53210201652056
9.8488412811909,-1.1581484952584,0.995498807018292,0,"100_15_D_8000",17.5,100,"15","D",8000,-1.447685619073e-07,1.15471345899226
-29.3463462451461,-0.819290858982135,0.999115563097596,0,"100_20_A_8000",17.5,100,"20","A",8000,-1.02411357372767e-07,0.816860865052473
-22.557962439651,-0.759670032020853,0.997906389464563,0,"100_20_B_8000",17.5,100,"20","B",8000,-9.49587540026066e-08,0.757416871807824
-17.1804033458302,-0.942449075180189,0.998903534825545,0,"100_20_C_8000",17.5,100,"20","C",8000,-1.17806134397524e-07,0.939653797402345
-48.0241168315606,-0.931214035549565,0.999588953014983,0,"100_20_D_8000",17.5,100,"20","D",8000,-1.16401754443696e-07,0.928452080587182
1.87190051117898,-0.572434974434077,0.999338577212993,0,"100_25_A_8000",17.5,100,"25","A",8000,-7.15543718042596e-08,0.570737148200877
5.35257797488886,-0.694541216484538,0.999434035408216,0,"100_25_B_8000",17.5,100,"25","B",8000,-8.68176520605673e-08,0.692481226529257
-0.58323524581009,-0.906728820816479,0.999415527117153,0,"100_25_C_8000",17.5,100,"25","C",8000,-1.1334110260206e-07,0.904039488320849
2.63309187384493,-0.66855023157481,0.998511008360878,0,"100_25_D_8000",17.5,100,"25","D",8000,-8.35687789468512e-08,0.666567330158799
-7.16368374829301,0.032147423889589,0.806481160510724,3.60247660222319e-307,"100_control_A_8000",17.5,100,"control","A",8000,4.01842798619863e-09,-0.0320520755233165
16.9495513237961,0.0213163804616932,0.732979685720521,2.24279226256193e-247,"100_control_B_8000",17.5,100,"control","B",8000,2.66454755771165e-09,-0.0212531566693655
-10.4325467446977,-0.00156565464707827,0.0123107955973889,0.00114016815067343,"100_control_C_8000",17.5,100,"control","C",8000,-1.95706830884784e-10,0.00156101095888544
0.646679169194546,-0.0518981497042039,0.940488007117978,0,"100_control_D_8000",17.5,100,"control","D",8000,-6.48726871302548e-09,0.0517442212337965
-7.41799668708035,-0.625362070458195,0.996549841230393,0,"200_15_A_8000",17.5,200,"15","A",8000,-7.81702588072744e-08,0.623507263928385
-19.1040768621737,-2.13983251457003,0.990492486022089,1.48219693752374e-323,"200_15_B_10000",17.5,200,"15","B",10000,-2.13983251457003e-07,1.70678866461729
-6.45811909614454,-0.534693168748805,0.998802975075768,0,"200_15_C_5000",17.5,200,"15","C",5000,-1.06938633749761e-07,0.852971653860615
3.97783319610904,-0.534939092638345,0.998582293436298,0,"200_15_D_7000",17.5,200,"15","D",7000,-7.64198703769065e-08,0.609545689313142
-21.403972920551,-0.883051490547948,0.999294591604101,0,"200_20_A_10000",17.5,200,"20","A",10000,-8.83051490547948e-08,0.704345907484953
-31.0151192889,-0.699733352905228,0.999305938878688,0,"200_20_B_10000",17.5,200,"20","B",10000,-6.99733352905228e-08,0.558126370574039
-6.79498720395691,-0.0620980931499108,0.856282436714531,0,"200_20_C_4000",17.5,200,"20","C",4000,-1.55245232874777e-08,0.12382782386115
-8.59421405047813,-0.450629397015628,0.996759910983363,0,"200_20_D_6000",17.5,200,"20","D",6000,-7.51048995026047e-08,0.599057123655417
-0.556813635534676,-0.438603478022869,0.995976741571753,0,"200_25_A_8000",17.5,200,"25","A",8000,-5.48254347528586e-08,0.437302592290483
-17.2067562072229,-0.681156129329156,0.999267539673124,0,"200_25_B_8000",17.5,200,"25","B",8000,-8.51445161661444e-08,0.679135839170569
3.02849472210489,-0.707270117811645,0.99933433619494,0,"200_25_C_8000",17.5,200,"25","C",8000,-8.84087647264556e-08,0.705172374288607
-16.4702589724722,-0.903218026458111,0.998642106685546,0,"200_25_D_8000",17.5,200,"25","D",8000,-1.12902253307264e-07,0.900539106881026
4.68571973750537,-0.00328458690829842,0.0358873901156897,2.29241144877513e-08,"200_control_A_8000",17.5,200,"control","A",8000,-4.10573363537302e-10,0.00327484491476693
4.03494208857891,0.00164666786456471,0.0229435866755316,8.44787589196691e-06,"200_control_B_8000",17.5,200,"control","B",8000,2.05833483070589e-10,-0.00164178389341918
-3.12702666403066,0.0237233036413197,0.765229284557805,2.78007273673178e-271,"200_control_C_8000",17.5,200,"control","C",8000,2.96541295516496e-09,-0.0236529409817002
-5.59363516205362,-0.0220853845975859,0.72886417582236,1.5549609266827e-244,"200_control_D_8000",17.5,200,"control","D",8000,-2.76067307469824e-09,0.0220198799603524
-11.4641069672259,-0.83318966660874,0.997836917472012,0,"50_15_A_8000",17.5,50,"15","A",8000,-1.04148708326093e-07,0.830718449201736
-1.01600738740715,-0.533049893267127,0.987821436091237,0,"50_15_B_8000",17.5,50,"15","B",8000,-6.66312366583909e-08,0.531468882090638
-6.16374867240418,-0.27012749994096,0.979350183181672,0,"50_15_C_8000",17.5,50,"15","C",8000,-3.37659374926201e-08,0.269326309279677
-20.2659780341697,-0.59673421250401,0.995220254716226,0,"50_15_D_8000",17.5,50,"15","D",8000,-7.45917765630012e-08,0.594964315405673
15.5956559655288,-0.339853198539313,0.998031166815254,0,"50_20_A_12000",17.5,50,"20","A",12000,-2.83210998782761e-08,0.225896802261874
-19.7036883791026,-0.344454999776673,0.998499897196476,0,"50_20_B_8000",17.5,50,"20","B",8000,-4.30568749720841e-08,0.34343335581553
-3.70271962070046,-0.036007471764095,0.870367187163515,0,"50_20_C_2000",17.5,50,"20","C",2000,-1.80037358820475e-08,0.143602698412201
6.28372103941865,-0.037789774944402,0.833442398213052,0,"50_20_D_2000",17.5,50,"20","D",2000,-1.8894887472201e-08,0.150710766086531
3.36948539244033,-0.135286222143896,0.982537164594379,0,"50_25_A_8000",17.5,50,"25","A",8000,-1.6910777767987e-08,0.134884966966968
-1.36689492547739,-0.18287038321253,0.992856648759883,0,"50_25_B_4000",17.5,50,"25","B",4000,-4.57175958031324e-08,0.364655989471309
-7.15749543142702,-0.412945669266652,0.99899412387483,0,"50_25_C_8000",17.5,50,"25","C",8000,-5.16182086583315e-08,0.41172088388232
-29.8497914149783,-0.276696697028365,0.996130320885174,0,"50_25_D_8000",17.5,50,"25","D",8000,-3.45870871285456e-08,0.275876022310998
18.2586207422131,-0.0213457794295997,0.775221033886688,2.32551455411413e-279,"50_control_A_8000",17.5,50,"control","A",8000,-2.66822242869996e-09,0.0212824684407498
5.1070675490604,0.0220476347743146,0.790798273120859,1.06736768842371e-292,"50_control_B_8000",17.5,50,"control","B",8000,2.75595434678932e-09,-0.0219822421020082
-19.7885988655021,0.0223016708906921,0.813074859665798,1.3140038683571e-313,"50_control_C_8000",17.5,50,"control","C",8000,2.78770886133651e-09,-0.0222355247543212
-3.57708942577142,-0.0230035262354069,0.744344211804521,1.87305698750879e-255,"50_control_D_8000",17.5,50,"control","D",8000,-2.87544077942587e-09,0.0229352984155796
-30.3609924697626,-1.12646774025501,0.985291967927254,0,"100_15_A_8000",20,100,"15","A",8000,-1.40808467531876e-07,1.12312666822818
19.22005460861,-0.510828290798656,0.983674038907364,0,"100_15_B_8000",20,100,"15","B",8000,-6.3853536349832e-08,0.509313188277822
-15.0450174540395,-1.05522318620913,0.989802799566371,0,"100_15_C_8000",20,100,"15","C",8000,-1.31902898276141e-07,1.05209342355059
-32.8502013633393,-1.59211809601011,0.997065535883699,0,"100_15_D_8000",20,100,"15","D",8000,-1.99014762001264e-07,1.58739591796285
-25.1037219921934,-0.569346926657631,0.993085281864497,0,"100_20_A_8000",20,100,"20","A",8000,-7.11683658322039e-08,0.567658259488357
-42.3012073468239,-0.906754578420445,0.998285252840572,0,"100_20_B_8000",20,100,"20","B",8000,-1.13344322302556e-07,0.904065169528477
-28.8653771477624,-0.430908843569845,0.99315784069228,0,"100_20_C_8000",20,100,"20","C",8000,-5.38636054462306e-08,0.429630779909507
-2.7344952995139,-0.394745556041467,0.990040437749237,0,"100_20_D_8000",20,100,"20","D",8000,-4.93431945051833e-08,0.393574751687402
-38.163713421719,-0.230145296574078,0.976881412820373,3.91426099197583e-303,"100_25_A_8000",20,100,"25","A",8000,-2.87681620717598e-08,0.229462692017364
-15.428797702516,-0.133360151651261,0.9500790139393,1.29981080841221e-241,"100_25_B_8000",20,100,"25","B",8000,-1.66700189564077e-08,0.132964609145912
-70.6395975669443,-0.280329238704383,0.986793858237222,0,"100_25_C_8000",20,100,"25","C",8000,-3.50411548380479e-08,0.279497789969309
-6.55505432541878,-0.216539231353169,0.969208243425327,3.14352414720183e-280,"100_25_D_8000",20,100,"25","D",8000,-2.70674039191461e-08,0.215896982007954
7.79557369198202,0.00333878284662485,0.00949190509508304,0.0608347412438656,"100_control_A_8000",20,100,"control","A",8000,4.17347855828107e-10,-0.00332888010944573
7.21678986818062,-0.00238758186194925,0.00672388441260039,0.114854329580445,"100_control_B_8000",20,100,"control","B",8000,-2.98447732743656e-10,0.00238050036046842
-11.4504603776304,0.0109911165505563,0.157681803628332,1.83465194871044e-15,"100_control_C_8000",20,100,"control","C",8000,1.37388956881954e-09,-0.0109585172041761
-3.56190318253226,-0.011942317535232,0.204602433477317,4.13080676504786e-20,"100_control_D_8000",20,100,"control","D",8000,-1.492789691904e-09,0.0119068969531536
43.6029882846469,-0.695637147076708,0.991635863621767,0,"200_15_A_4000",20,200,"15","A",4000,-1.73909286769177e-07,1.38714781324346
37.111719775987,-0.799113055079649,0.997932440667341,0,"200_15_B_8000",20,200,"15","B",8000,-9.98891318849561e-08,0.796742907955867
49.680608298037,-0.251083190070212,0.980798269747542,7.91804425994557e-319,"200_15_C_2000",20,200,"15","C",2000,-1.25541595035106e-07,1.00135393721199
53.3534699263444,-0.190473191201609,0.930425927397562,1.16212904667546e-215,"200_15_D_2000",20,200,"15","D",2000,-9.52365956008044e-08,0.759633012029707
-19.1930982692812,-0.529646822307907,0.985402865141426,0,"200_20_A_8000",20,200,"20","A",8000,-6.62058527884884e-08,0.528075904545354
-32.5999782484795,-0.806797927262212,0.998367976640036,0,"200_20_B_8000",20,200,"20","B",8000,-1.00849740907777e-07,0.804404987021006
5.4175809312793,-0.273208303674898,0.953872405367962,6.27636212135196e-248,"200_20_C_6000",20,200,"20","C",6000,-4.55347172791496e-08,0.363197300580423
-55.0537824362137,-0.71164151185586,0.995562157964494,0,"200_20_D_8000",20,200,"20","D",8000,-8.89551889819825e-08,0.709530802899515
-2.91875261232788,-0.182786494869955,0.967181613568558,3.90388108776792e-275,"200_25_A_2000",20,200,"25","A",2000,-9.13932474349774e-08,0.728977420814292
-34.3988352632665,-0.702695719709515,0.996632996429141,0,"200_25_B_6000",20,200,"25","B",6000,-1.17115953284919e-07,0.934148724965576
-23.4618182716266,-0.40981565136549,0.975617378186218,7.0282321708379e-299,"200_25_C_6000",20,200,"25","C",6000,-6.83026085609149e-08,0.544800199369743
-9.67285091086822,-0.422797445476832,0.980790029510835,6.19187770650542e-318,"200_25_D_2000",20,200,"25","D",2000,-2.11398722738416e-07,1.68617375999168
-7.25330191323161,-0.0238499516329071,0.415115731213937,6.78919093852233e-45,"200_control_A_8000",20,200,"control","A",8000,-2.98124395411339e-09,0.0237792133388626
0.278488043830851,-0.0014886136355111,0.00377217111622079,0.237953826444852,"200_control_B_8000",20,200,"control","B",8000,-1.86076704438887e-10,0.00148419844881855
4.59043963901203,-0.00357866795531601,0.0260130715988485,0.00182995145639702,"200_control_C_8000",20,200,"control","C",8000,-4.47333494414501e-10,0.00356805372556798
2.38437423038874,0.0289172332237342,0.415816417042554,5.43759848936951e-45,"200_control_D_8000",20,200,"control","D",8000,3.61465415296677e-09,-0.028831465513249
11.0454580478534,-0.444589111312155,0.943272014724238,5.08576921814237e-232,"50_15_A_6000",20,50,"15","A",6000,-7.40981852186925e-08,0.591027296476934
16.9758689082634,-0.935282020250353,0.980843807401437,5.1092316567735e-319,"50_15_B_2000",20,50,"15","B",2000,-4.67641010125177e-07,3.73003199903339
-29.8610778545421,-1.2151494395722,0.991399085239826,0,"50_15_C_8000",20,50,"15","C",8000,-1.51893679946525e-07,1.21154534008858
-26.868816716813,-1.12080791247205,0.993920217543053,0,"50_15_D_8000",20,50,"15","D",8000,-1.40100989059006e-07,1.11748362733721
-82.2514079310359,-1.20466049585174,0.999592058235553,0,"50_20_A_8000",20,50,"20","A",8000,-1.50582561981468e-07,1.20108750628384
-55.4194627853244,-0.670488943395804,0.997893280856697,0,"50_20_B_8000",20,50,"20","B",8000,-8.38111179244755e-08,0.668500291814385
-39.4817257255254,-0.460739608805063,0.990339195207556,0,"50_20_C_8000",20,50,"20","C",8000,-5.75924511006329e-08,0.459373067923669
-23.9398747935474,-0.153833505033491,0.962313398676424,4.41997689773975e-264,"50_20_D_8000",20,50,"20","D",8000,-1.92291881291864e-08,0.153377239130715
-36.8170313643162,-0.457729210272227,0.99521223790299,0,"50_25_A_8000",20,50,"25","A",8000,-5.72161512840283e-08,0.456371598149259
-35.8362372916572,-0.474008267455367,0.991504745745289,0,"50_25_B_10000",20,50,"25","B",10000,-4.74008267455367e-08,0.378081897680793
-0.852660835319001,-0.0736420923667747,0.775914431890467,1.41133835047524e-121,"50_25_C_2000",20,50,"25","C",2000,-3.68210461833873e-08,0.293694687865714
-56.6530217580239,-0.398294257928909,0.974848536336637,2.12746654248146e-296,"50_25_D_6000",20,50,"25","D",6000,-6.63823763214849e-08,0.529483904298162
8.40293839511869,0.00796400130936332,0.0714645442824085,1.72123187444079e-07,"50_control_A_8000",20,50,"control","A",8000,9.95500163670415e-10,-0.00794038030270201
-16.8592747290896,-0.0158061274057768,0.247021148133776,1.52999511188362e-24,"50_control_B_8000",20,50,"control","B",8000,-1.97576592572209e-09,0.0157592468709503
5.2355257372179,0.00851263185457529,0.085708774644892,9.12051873849595e-09,"50_control_C_8000",20,50,"control","C",8000,1.06407898182191e-09,-0.00848738362495661
3.22081059675302,-0.000670505758161869,0.000376468283522574,0.709522044733672,"50_control_D_8000",20,50,"control","D",8000,-8.38132197702336e-11,0.000668517056708321
-88.8159178596411,-3.77092332730207,0.987327297381214,9.94872890596008e-96,"100_15_A_8000",22.5,100,"15","A",8000,-4.71365415912759e-07,3.75973887346116
0.300802012186946,-0.209012366341612,0.975042134759414,3.48598752054286e-284,"100_15_B_8000",22.5,100,"15","B",8000,-2.61265457927015e-08,0.208392441468942
-8.42562140821553,-0.614933850246463,0.985249762289977,0,"100_15_C_8000",22.5,100,"15","C",8000,-7.68667312808079e-08,0.613109973528128
-13.0026248759469,-1.13497816373419,0.937849643239702,1.94218492738609e-214,"100_15_D_8000",22.5,100,"15","D",8000,-1.41872270466774e-07,1.13161185002772
-37.6513905137391,-0.896482327018633,0.997413045108693,0,"100_20_A_8000",22.5,100,"20","A",8000,-1.12060290877329e-07,0.893823385338982
-21.1839969002707,-0.889042453164411,0.994632575301656,0,"100_20_B_8000",22.5,100,"20","B",8000,-1.11130306645551e-07,0.886405577943949
-28.1045060629855,-0.604130427538878,0.991718084300238,0,"100_20_C_8000",22.5,100,"20","C",8000,-7.55163034423598e-08,0.602338593472199
-38.1624294681542,-0.721635582363928,0.991671322652987,0,"100_20_D_8000",22.5,100,"20","D",8000,-9.0204447795491e-08,0.719495231272069
-32.6478317643809,-1.38536276851791,0.975873732746684,8.95151991389477e-287,"100_25_A_8000",22.5,100,"25","A",8000,-1.73170346064739e-07,1.38125382102879
-26.7471258198949,-0.763049775147183,0.992748719905148,0,"100_25_B_8000",22.5,100,"25","B",8000,-9.53812218933979e-08,0.760786590709923
-15.9226598320142,-0.704380046635098,0.990534845212226,0,"100_25_C_8000",22.5,100,"25","C",8000,-8.80475058293872e-08,0.702290874982891
-22.4256320740777,-0.93465409202314,0.995583637305014,0,"100_25_D_8000",22.5,100,"25","D",8000,-1.16831761502892e-07,0.931881933948813
0.63431513937306,-0.0329996478557013,0.618731873155254,1.06763900742422e-75,"100_control_A_8000",22.5,100,"control","A",8000,-4.12495598196266e-09,0.0329017718168181
-14.569051336812,0.0185672813409717,0.441410250530347,1.96228191771948e-46,"100_control_B_8000",22.5,100,"control","B",8000,2.32091016762146e-09,-0.0185122113002722
3.95818923328267,0.0454591782157863,0.810345148045134,3.93908338362394e-129,"100_control_C_8000",22.5,100,"control","C",8000,5.68239727697329e-09,-0.0453243475559532
9.97654696415624,-0.0310268117010566,0.656980253744085,8.61214366327584e-84,"100_control_D_8000",22.5,100,"control","D",8000,-3.87835146263208e-09,0.0309347870394072
20.9999539277438,-0.54991542664677,0.996047292363801,0,"200_15_A_8000",22.5,200,"15","A",8000,-6.87394283308463e-08,0.548284392766764
-11.1288065067063,-1.60373316231101,0.996431903667852,0,"200_15_B_13333",22.5,200,"15","B",13333,-1.20282994248182e-07,0.959409905827489
60.4774113125332,-0.551171793428331,0.995564914965598,0,"200_15_C_4000",22.5,200,"15","C",4000,-1.37792948357083e-07,1.0990740663987
31.6006602745651,-0.574262595717727,0.992405438340439,0,"200_15_D_4000",22.5,200,"15","D",4000,-1.43565648929432e-07,1.14511869762113
-24.1553967100872,-1.01346055059007,0.996246910370535,0,"200_20_A_8000",22.5,200,"20","A",8000,-1.26682568823759e-07,1.01045465474871
-85.344706259582,-1.19153225149203,0.998972550102911,0,"200_20_B_8000",22.5,200,"20","B",8000,-1.48941531436504e-07,1.18799819993222
5.32693101390413,-0.187321703425069,0.952831674440349,1.58954318514896e-235,"200_20_C_4000",22.5,200,"20","C",4000,-4.68304258562673e-08,0.373532224912182
-135.907404510266,-2.84337027910697,0.992006935629053,2.07374017752244e-40,"200_20_D_12000",22.5,200,"20","D",12000,-2.36947523258914e-07,1.88995794789443
-12.6237997938012,-0.708296329732334,0.997084538316048,0,"200_25_A_8000",22.5,200,"25","A",8000,-8.85370412165418e-08,0.706195542493246
-40.425284953574,-1.21603226181687,0.995490932595367,0,"200_25_B_8000",22.5,200,"25","B",8000,-1.52004032727109e-07,1.212425543907
-51.0693121297293,-0.664859089762454,0.997860138219298,0,"200_25_C_8000",22.5,200,"25","C",8000,-8.31073862203068e-08,0.662887136170527
-23.4074567019361,-0.705581784940827,0.997402040375166,0,"200_25_D_8000",22.5,200,"25","D",8000,-8.81977231176034e-08,0.703489048966186
8.89187537267077,-0.028558657628421,0.42080086448875,1.18130115442682e-43,"200_control_A_8000",22.5,200,"control","A",8000,-3.56983220355263e-09,0.0284739534431912
-0.488666785950856,0.0293973012120054,0.597812644769189,1.31418585666469e-71,"200_control_B_8000",22.5,200,"control","B",8000,3.67466265150068e-09,-0.0293101096332023
-0.741775079767421,0.0383235751892552,0.717010682013483,1.62795382037603e-98,"200_control_C_8000",22.5,200,"control","C",8000,4.7904468986569e-09,-0.0382099085297876
-7.66143350695247,-0.03916221877284,0.568228384824223,3.58831916354704e-66,"200_control_D_8000",22.5,200,"control","D",8000,-4.895277346605e-09,0.0390460647197992
-33.7069811137859,-1.50735049518577,0.972170535940694,7.36726460533196e-276,"50_15_A_13333",22.5,50,"15","A",13333,-1.1305411349177e-07,0.901750385052365
-28.3666438677536,-1.06804053918915,0.990630498682897,0,"50_15_B_8000",22.5,50,"15","B",8000,-1.33505067398643e-07,1.0648727606177
-40.4326565344694,-1.31550542080768,0.989732380326892,0,"50_15_C_8000",22.5,50,"15","C",8000,-1.6443817760096e-07,1.31160366827139
-19.2201021421465,-0.788204825326655,0.974576784026569,9.00504612795381e-283,"50_15_D_8000",22.5,50,"15","D",8000,-9.85256031658319e-08,0.785867031709315
-59.6513241825981,-0.901042335899163,0.990852806975704,0,"50_20_A_8000",22.5,50,"20","A",8000,-1.12630291987395e-07,0.89836986935984
-181.177788794764,-1.89953252128409,0.989652161943489,2.77892767151739e-57,"50_20_B_10000",22.5,50,"20","B",10000,-1.89953252128409e-07,1.51511884847261
-26.1805266747217,-0.285036836738523,0.972894274142564,7.12913129125874e-278,"50_20_C_5000",22.5,50,"20","C",5000,-5.70073673477046e-08,0.454706280637514
-44.000721176128,-0.257518182357055,0.976675091740881,2.3429667392042e-289,"50_20_D_4000",22.5,50,"20","D",4000,-6.43795455892637e-08,0.513508781162933
-89.0861700033166,-1.41242543517931,0.993583908822897,0,"50_25_A_12000",22.5,50,"25","A",12000,-1.17702119598276e-07,0.938824147048405
-139.901673928236,-1.58032921426081,0.99095150529196,3.71679674229135e-199,"50_25_B_13500",22.5,50,"25","B",13500,-1.17061423278579e-07,0.933713778790725
-38.8659212202401,-0.585974488216801,0.992562363400223,0,"50_25_C_8000",22.5,50,"25","C",8000,-7.32468110271001e-08,0.584236504161819
-49.2988302976607,-0.596240815764964,0.996920598943084,0,"50_25_D_8000",22.5,50,"25","D",8000,-7.45301019706205e-08,0.59447238206765
-1.0384324167467,-0.00294024656267007,0.0286123503553644,0.00140138487003372,"50_control_A_8000",22.5,50,"control","A",8000,-3.67530820333759e-10,0.00293152587303871
4.87562331460551,-0.0102307575872342,0.243062023917976,4.42968793472632e-23,"50_control_B_8000",22.5,50,"control","B",8000,-1.27884469840428e-09,0.0102004134444182
-5.19404439350107,0.00974117403339953,0.186514354285736,1.61953129787305e-17,"50_control_C_8000",22.5,50,"control","C",8000,1.21764675417494e-09,-0.00971228198180464
1.35685349564226,0.00342983011650463,0.020927001978249,0.00640055457491007,"50_control_D_8000",22.5,50,"control","D",8000,4.28728764563079e-10,-0.00341965733565214
10.7600671760845,-0.490916211554078,0.997075562341465,0,"100_15_A_8000",25,100,"15","A",8000,-6.13645264442598e-08,0.48946016770717
-38.0948101167003,-2.98852624631794,0.99580087398163,4.14432899694933e-211,"100_15_B_8000",25,100,"15","B",8000,-3.73565780789743e-07,2.97966236048598
-18.9151684006599,-0.448790725877263,0.997719617084907,0,"100_15_C_8000",25,100,"15","C",8000,-5.60988407346578e-08,0.44745962505072
-62.0208637693323,-6.66110779517614,0.997959212104936,1.13986932751032e-25,"100_15_D_8000",25,100,"15","D",8000,-8.32638474397018e-07,6.64135113448642
-26.2307703294958,-0.816977531122095,0.989559902129339,0,"100_20_A_8000",25,100,"20","A",8000,-1.02122191390262e-07,0.814554398458607
2.43634292781793,-0.81871706338971,0.995284652402438,0,"100_20_B_8000",25,100,"20","B",8000,-1.02339632923714e-07,0.816288771321837
-0.609458407130172,-0.857636516051934,0.989978665219379,0,"100_20_C_8000",25,100,"20","C",8000,-1.07204564506492e-07,0.85509278996856
-2.9914777368766,-1.67209174031125,0.999058479541487,0,"100_20_D_8000",25,100,"20","D",8000,-2.09011467538906e-07,1.66713236265648
-13.4073454472344,-1.07971167734713,0.993535601865332,0,"100_25_A_8000",25,100,"25","A",8000,-1.34963959668392e-07,1.07650928250411
-16.4672129803638,-1.36148592704027,0.999757098864881,0,"100_25_B_8000",25,100,"25","B",8000,-1.70185740880034e-07,1.35744779759972
-3.59409462371778,-0.764902734421254,0.996805523530197,0,"100_25_C_8000",25,100,"25","C",8000,-9.56128418026568e-08,0.762634054158259
7.59694665597278,-0.755917449375044,0.998469140549024,0,"100_25_D_8000",25,100,"25","D",8000,-9.44896811718806e-08,0.753675419217905
14.4066335966742,-0.0325122567017571,0.734761278070916,3.70491185606616e-142,"100_control_A_8000",25,100,"control","A",8000,-4.06403208771964e-09,0.032415826251498
-13.6668738095764,0.0453498320817368,0.888437497806494,4.05130289649324e-233,"100_control_B_8000",25,100,"control","B",8000,5.6687290102171e-09,-0.0452153257394999
-8.57809729399402,0.0409517985244513,0.845778541167134,2.05966294901265e-199,"100_control_C_8000",25,100,"control","C",8000,5.11897481555641e-09,-0.0408303366275777
7.78985884255344,-0.0534686261406316,0.896708814565572,9.98488214708019e-242,"100_control_D_8000",25,100,"control","D",8000,-6.68357826757895e-09,0.0533100396807381
7.44777696009861,-0.560053525417183,0.998340753178789,0,"200_15_A_10000",25,200,"15","A",10000,-5.60053525417183e-08,0.44671393777427
1.17822386861183,-0.974936759385789,0.998892377932134,0,"200_15_B_8000",25,200,"15","B",8000,-1.21867094923224e-07,0.972045124039028
-9.90461397084928,-0.658558436604642,0.997822123572467,0,"200_15_C_8000",25,200,"15","C",8000,-8.23198045755803e-08,0.656605170574962
15.3200621696173,-1.62741411505811,0.997516960900699,0,"200_15_D_8000",25,200,"15","D",8000,-2.03426764382264e-07,1.62258724999879
-31.7972408669608,-1.54494303466704,0.995693653561707,0,"200_20_A_8000",25,200,"20","A",8000,-1.9311787933338e-07,1.5403607765413
-18.6707132174499,-1.24891586210859,0.995428259548284,0,"200_20_B_8000",25,200,"20","B",8000,-1.56114482763574e-07,1.24521161235369
2.11162173670726,-0.147494065057932,0.97247946481926,0,"200_20_C_8000",25,200,"20","C",8000,-1.84367581322414e-08,0.147056601758027
-35.0634217467344,-1.45092588073164,0.998787739628685,0,"200_20_D_8000",25,200,"20","D",8000,-1.81365735091455e-07,1.44662247487289
-53.8148838265697,-0.911386968452495,0.99767823126858,0,"200_25_A_8000",25,200,"25","A",8000,-1.13923371056562e-07,0.908683820020369
-70.2905022294224,-3.97488351496384,0.986067342452952,7.87166924150849e-92,"200_25_B_8000",25,200,"25","B",8000,-4.9686043937048e-07,3.96309412087189
0.804844047454943,-0.776672981999582,0.994248963554608,0,"200_25_C_8000",25,200,"25","C",8000,-9.70841227499478e-08,0.774369391509221
-47.369919505921,-1.63416555380759,0.997410749492474,0,"200_25_D_8000",25,200,"25","D",8000,-2.04270694225949e-07,1.62931866416849
7.76836487741457,-0.0385647557445635,0.806338834970683,2.27124254123283e-175,"200_control_A_8000",25,200,"control","A",8000,-4.82059446807044e-09,0.0384503737502683
-0.160054692375327,0.0250704743953795,0.705155652780488,5.55823023760677e-131,"200_control_B_8000",25,200,"control","B",8000,3.13380929942244e-09,-0.0249961160647249
3.92482792486413,0.031046043985499,0.822164003227984,2.26729310743074e-184,"200_control_C_8000",25,200,"control","C",8000,3.88075549818738e-09,-0.0309539622814281
-11.5331381099034,-0.0175517626363151,0.488802386915169,7.94307500037455e-73,"200_control_D_8000",25,200,"control","D",8000,-2.19397032953938e-09,0.0174997045958847
-81.5338794923994,-2.41617216288022,0.999414212110475,4.0848848591852e-317,"50_15_A_8000",25,50,"15","A",8000,-3.02021520360027e-07,2.40900586336101
-29.0782653699987,-1.07327376157131,0.996995642557063,0,"50_15_B_8000",25,50,"15","B",8000,-1.34159220196414e-07,1.07009046140765
-33.8365128385384,-1.450949843038,0.992096470533303,0,"50_15_C_8000",25,50,"15","C",8000,-1.81368730379749e-07,1.44664636610771
-3.48697058064829,-1.82819208855259,0.99503135110926,0,"50_15_D_8000",25,50,"15","D",8000,-2.28524011069074e-07,1.82276972160106
-10.0720514243668,-0.541293942541687,0.991624390512077,0,"50_20_A_8000",25,50,"20","A",8000,-6.76617428177108e-08,0.539688479744051
-8.97334601859537,-0.707087507522329,0.992457041683914,0,"50_20_B_8000",25,50,"20","B",8000,-8.83859384402911e-08,0.704990305616337
-46.9297307301819,-1.38287143545102,0.996559983369105,0,"50_20_C_8000",25,50,"20","C",8000,-1.72858929431377e-07,1.37876987718656
-31.2562194125906,-1.0893451548961,0.994794512651756,0,"50_20_D_10000",25,50,"20","D",10000,-1.0893451548961e-07,0.868891349941015
-20.256752889357,-0.186987204171106,0.975694065162593,0,"50_25_A_8000",25,50,"25","A",8000,-2.33734005213882e-08,0.186432605317623
-6.7162737487351,-0.356852116942947,0.991879451443402,0,"50_25_B_8000",25,50,"25","B",8000,-4.46065146178684e-08,0.355793703476653
-0.0532443886256623,-0.182287762930104,0.983988074151984,0,"50_25_C_8000",25,50,"25","C",8000,-2.2785970366263e-08,0.181747102488802
-19.201962135113,-0.72099077998457,0.994825716761021,0,"50_25_D_8000",25,50,"25","D",8000,-9.01238474980713e-08,0.718852341358658
-6.39462489952999,-0.0224127705398498,0.725906996170301,1.08849037275651e-138,"50_control_A_8000",25,50,"control","A",8000,-2.80159631748123e-09,0.0223462948850056
3.41982330508777,0.00781543878351509,0.260947421197627,8.62469496455653e-34,"50_control_B_8000",25,50,"control","B",8000,9.76929847939387e-10,-0.00779225840917871
-4.24682379952739,0.0330079682026873,0.842273976369131,4.85311422425899e-197,"50_control_C_8000",25,50,"control","C",8000,4.12599602533591e-09,-0.0329100674858861
7.22162539396963,-0.0184106364463527,0.580687899576205,8.96136015650758e-94,"50_control_D_8000",25,50,"control","D",8000,-2.30132955579409e-09,0.0183560310100594
-0.0912292085404912,-3.7380263005576,0.996537805475475,1.36368686579498e-160,"100_15_A_8000",27.5,100,"15","A",8000,-4.672532875697e-07,3.72693941838421
6.06308273717658,-0.998120898806491,0.994296256854335,0,"100_15_B_8000",27.5,100,"15","B",8000,-1.24765112350811e-07,0.995160499946211
-56.0792745351096,-5.37900131884827,0.998139681405445,4.00547726455866e-52,"100_15_C_8000",27.5,100,"15","C",8000,-6.72375164856033e-07,5.36304735035327
-6.15239867801837,-2.4317274580289,0.999071499995581,0,"100_15_D_8000",27.5,100,"15","D",8000,-3.03965932253613e-07,2.42451502193637
-27.1723064060523,-1.5959728432559,0.998945917214528,0,"100_20_A_8000",27.5,100,"20","A",8000,-1.99496605406988e-07,1.59123923213538
-32.2148469083515,-1.61719913151472,0.998370549730668,0,"100_20_B_8000",27.5,100,"20","B",8000,-2.0214989143934e-07,1.61240256381284
-43.7433234808258,-2.19896221082101,0.998116316478434,5.1329028502593e-314,"100_20_C_8000",27.5,100,"20","C",8000,-2.74870276352626e-07,2.192440149986
-32.7895502813601,-2.00916048953961,0.998116528127986,0,"100_20_D_8000",27.5,100,"20","D",8000,-2.51145061192451e-07,2.00320137533765
16.638964340704,-1.60118390949107,0.997446120285025,0,"100_25_A_8000",27.5,100,"25","A",8000,-2.00147988686384e-07,1.59643484249285
-4.14742144505023,-1.46982182387853,0.998390838009541,0,"100_25_B_8000",27.5,100,"25","B",8000,-1.83727727984816e-07,1.46546237317729
2.01997628990553,-2.19884175000015,0.997739568204733,0,"100_25_C_8000",27.5,100,"25","C",8000,-2.74855218750018e-07,2.19232004644858
-15.209671116161,-1.3102659332216,0.998921844586347,0,"100_25_D_8000",27.5,100,"25","D",8000,-1.637832416527e-07,1.30637972085994
13.5632700074741,-0.06154099407102,0.701499875732944,1.74785536256236e-95,"100_control_A_8000",27.5,100,"control","A",8000,-7.6926242588775e-09,0.0613584651920774
7.6341266964291,0.00841030695907306,0.0577731624519487,4.23440077911942e-06,"100_control_B_8000",27.5,100,"control","B",8000,1.05128836988413e-09,-0.00838536222225208
-9.01185441238492,0.0645485644263287,0.801929594814268,3.21684298039238e-127,"100_control_C_8000",27.5,100,"control","C",8000,8.06857055329108e-09,-0.0643571151772558
-12.1855422915183,-0.0114178773143818,0.176126038295113,1.04885485151907e-16,"100_control_D_8000",27.5,100,"control","D",8000,-1.42723466429772e-09,0.0113840122074306
30.39942453234,-0.866294740239817,0.996759926127577,0,"200_15_A_8000",27.5,200,"15","A",8000,-1.08286842529977e-07,0.863725334104009
-1.18154254626237,-4.18565274784237,0.998296104998625,9.91353501030356e-153,"200_15_B_10000",27.5,200,"15","B",10000,-4.18565274784236e-07,3.33859057444832
45.617020800912,-1.28100039768642,0.999596331484807,0,"200_15_C_5000",27.5,200,"15","C",5000,-2.56200079537284e-07,2.04352157774436
55.2993692106034,-1.14328527820747,0.99687974235189,0,"200_15_D_7000",27.5,200,"15","D",7000,-1.63326468315352e-07,1.3027363723774
-36.5766475626025,-1.36943281671293,0.999195343285687,0,"200_20_A_10000",27.5,200,"20","A",10000,-1.36943281671293e-07,1.09229689361469
-21.4435339542342,-1.38286427794054,0.998620564247104,0,"200_20_B_10000",27.5,200,"20","B",10000,-1.38286427794054e-07,1.10301019272406
-1.79480135748273,-0.0462737129508407,0.616240798806609,7.96760436439966e-76,"200_20_C_4000",27.5,200,"20","C",4000,-1.15684282377102e-08,0.0922729328072188
5.80899475193187,-1.02871669760243,0.997423618827643,0,"200_20_D_6000",27.5,200,"20","D",6000,-1.71452782933739e-07,1.36755406993708
10.036854890076,-1.03707606748211,0.998856200099325,0,"200_25_A_8000",27.5,200,"25","A",8000,-1.29634508435264e-07,1.03400012867363
-13.3041512811691,-1.31579956824085,0.994599908128862,0,"200_25_B_8000",27.5,200,"25","B",8000,-1.64474946030106e-07,1.31189694327143
-18.5355830983988,-1.05724593908495,0.99828578225178,0,"200_25_C_8000",27.5,200,"25","C",8000,-1.32155742385619e-07,1.05411017699757
0.124466068651621,-1.22865092366472,0.996112440963731,0,"200_25_D_8000",27.5,200,"25","D",8000,-1.5358136545809e-07,1.22500677915433
5.16964508107376,-0.0642673251016888,0.872916719080188,1.5240027069465e-161,"200_control_A_8000",27.5,200,"control","A",8000,-8.0334156377111e-09,0.0640767100006407
-5.37151830220753,0.0228420294137717,0.571313294820398,1.85135630749112e-67,"200_control_B_8000",27.5,200,"control","B",8000,2.85525367672147e-09,-0.0227742805890313
6.59492807099689,0.00828664392421975,0.137360735062341,4.23904854204283e-13,"200_control_C_8000",27.5,200,"control","C",8000,1.03583049052747e-09,-0.00826206596852507
-6.39305484986314,0.0331386517636974,0.680442972050616,3.30032566665533e-90,"200_control_D_8000",27.5,200,"control","D",8000,4.14233147046217e-09,-0.0330403634430843
-30.4562792045287,-1.47695210787871,0.993753790777627,0,"50_15_A_8000",27.5,50,"15","A",8000,-1.84619013484839e-07,1.47257150895319
-2.89303126630618,-1.33271075699934,0.997905064788447,0,"50_15_B_8000",27.5,50,"15","B",8000,-1.66588844624917e-07,1.32875797391382
-22.2714931500486,-0.729140698060936,0.994853515007501,0,"50_15_C_8000",27.5,50,"15","C",8000,-9.1142587257617e-08,0.726978087004395
-9.59981455671734,-1.30656951860689,0.995126340759163,0,"50_15_D_8000",27.5,50,"15","D",8000,-1.63321189825861e-07,1.3026942697083
3.49213069020216,-0.716066410998215,0.996090009599362,0,"50_20_A_12000",27.5,50,"20","A",12000,-5.96722009165179e-08,0.475961718609285
-3.27980364977569,-0.729289804600292,0.991751838844593,0,"50_20_B_8000",27.5,50,"20","B",8000,-9.11612255750365e-08,0.727126751297897
18.4201954630451,-0.0931995391729558,0.829531075857815,1.92256341017357e-138,"50_20_C_2000",27.5,50,"20","C",2000,-4.65997695864779e-08,0.37169244771458
16.6118637481101,-0.189468058819887,0.923044235262594,8.94567297399898e-200,"50_20_D_2000",27.5,50,"20","D",2000,-9.47340294099436e-08,0.755624407281716
-16.2169355560664,-0.338987907123503,0.981396457835613,3.04650126809032e-309,"50_25_A_8000",27.5,50,"25","A",8000,-4.23734883904378e-08,0.337982478407305
3.77619364375783,-0.356589414756334,0.97523499919387,3.4533533189257e-287,"50_25_B_4000",27.5,50,"25","B",4000,-8.91473536890835e-08,0.711063560914856
-6.44411441650224,-1.02279038770959,0.995745218371935,0,"50_25_C_8000",27.5,50,"25","C",8000,-1.27848798463698e-07,1.01975681983048
5.03874022221994,-1.02521528836255,0.997971979120734,0,"50_25_D_8000",27.5,50,"25","D",8000,-1.28151911045319e-07,1.02217452829547
-12.9401228505761,-0.0358086688216992,0.727493770930236,1.55434514778755e-102,"50_control_A_8000",27.5,50,"control","A",8000,-4.47608360271241e-09,0.0357024613046593
3.36419684334136,-0.0284858188815633,0.736846166052201,3.08401440506758e-105,"50_control_B_8000",27.5,50,"control","B",8000,-3.56072736019541e-09,0.0284013307340333
2.25684538119436,0.0935049160009918,0.950093263443643,8.11513711616157e-234,"50_control_C_8000",27.5,50,"control","C",8000,1.1688114500124e-08,-0.0932275830174916
7.31908062604038,-0.0292104282977293,0.660933068544714,1.27649404878557e-85,"50_control_D_8000",27.5,50,"control","D",8000,-3.65130353721617e-09,0.0291237909787991
-20.2027046113204,-2.46497016538606,0.980928403484485,5.51800952035405e-186,"100_15_A_8000",30,100,"15","A",8000,-3.08121270673257e-07,2.45765913234692
6.65154349884535,-2.76865308878964,0.99618009484436,1.03914281522653e-260,"100_15_B_8000",30,100,"15","B",8000,-3.46081636098705e-07,2.76044134063532
-7.70687528923129,-2.57691850308961,0.992842550991232,1.57363949667713e-231,"100_15_C_8000",30,100,"15","C",8000,-3.22114812886201e-07,2.56927543439051
-0.459841105692864,-2.00416418323195,0.989942268879232,0,"100_15_D_8000",30,100,"15","D",8000,-2.50520522903994e-07,1.99821988793571
-8.18869885933315,-1.41546768666451,0.998992642922826,0,"100_20_A_8000",30,100,"20","A",8000,-1.76933460833064e-07,1.41126944882441
7.15697530374026,-1.69632863468756,0.999041979943781,0,"100_20_B_8000",30,100,"20","B",8000,-2.12041079335945e-07,1.69129737107731
11.977140015901,-2.19669128709986,0.990909632936153,0,"100_20_C_8000",30,100,"20","C",8000,-2.74586410887483e-07,2.19017596176153
2.56090433164355,-1.39578563434099,0.998986140382455,0,"100_20_D_8000",30,100,"20","D",8000,-1.74473204292624e-07,1.39164577292136
26.8082177395829,-1.16091351819352,0.988244339859855,0,"100_25_A_8000",30,100,"25","A",8000,-1.4511418977419e-07,1.15747028094615
15.004219579819,-1.24297759587872,0.988575924794522,0,"100_25_B_8000",30,100,"25","B",8000,-1.5537219948484e-07,1.2392909588565
-7.65695486221496,-0.857782480789036,0.996329930505914,0,"100_25_C_8000",30,100,"25","C",8000,-1.07222810098629e-07,0.855238321778307
21.7589993917115,-1.31757265737358,0.996331503615268,0,"100_25_D_8000",30,100,"25","D",8000,-1.64696582171698e-07,1.31366477347105
9.99201155983955,-0.0484201519620731,0.599390638558602,6.74518367651514e-75,"100_control_A_8000",30,100,"control","A",8000,-6.05251899525913e-09,0.0482765391363578
-9.19685810897555,0.0832441452078391,0.92540474350836,6.00561979152933e-209,"100_control_B_8000",30,100,"control","B",8000,1.04055181509799e-08,-0.08299724538549
-7.0625848403073,0.0226613562055767,0.451847450772428,7.56506825903441e-50,"100_control_C_8000",30,100,"control","C",8000,2.83266952569709e-09,-0.0225941432525531
6.26743138944331,-0.0574853494513426,0.86817648054037,1.47409760356674e-163,"100_control_D_8000",30,100,"control","D",8000,-7.18566868141783e-09,0.0573148495016852
41.9582301494566,-1.68125692109839,0.997337474176198,0,"200_15_A_8000",30,200,"15","A",8000,-2.10157115137299e-07,1.676270359772
54.5780189707795,-2.13747110877629,0.994342252746694,0,"200_15_B_8000",30,200,"15","B",8000,-2.67183888597036e-07,2.13113142884186
50.9560696155987,-0.645730882765272,0.988737238881785,0,"200_15_C_8000",30,200,"15","C",8000,-8.07163603456589e-08,0.643815662903959
61.8439893455412,-1.6603209974396,0.998782658422976,0,"200_15_D_8000",30,200,"15","D",8000,-2.0754012467995e-07,1.65539653148122
48.2377609793504,-1.66518126640861,0.996061901593976,0,"200_20_A_8000",30,200,"20","A",8000,-2.08147658301077e-07,1.66024238502748
-33.9285107968644,-4.31984301736751,0.998495711504143,9.80606375416952e-81,"200_20_B_10000",30,200,"20","B",10000,-4.31984301736751e-07,3.44562438637891
18.9670695805962,-2.47401006429859,0.996308793985924,2.65477588093202e-262,"200_20_C_8000",30,200,"20","C",8000,-3.09251258037324e-07,2.46667221917038
64.4416682699837,-1.99487538235927,0.995583223907168,0,"200_20_D_8000",30,200,"20","D",8000,-2.49359422794909e-07,1.9889586373884
54.8319499195284,-1.16778912960315,0.992719859996037,0,"200_25_A_8000",30,200,"25","A",8000,-1.45973641200393e-07,1.16432549948333
52.831115322532,-1.15913106222636,0.98940177668079,0,"200_25_B_8000",30,200,"25","B",8000,-1.44891382778295e-07,1.15569311169388
36.1776933260759,-1.29009023543472,0.999494144173581,0,"200_25_C_8000",30,200,"25","C",8000,-1.61261279429339e-07,1.28626386363226
53.5655966588468,-1.78683477367554,0.995948260200394,0,"200_25_D_8000",30,200,"25","D",8000,-2.23354346709442e-07,1.78153507137112
8.59706684568694,-0.149810410485511,0.965670433092177,8.35588474593473e-271,"200_control_A_8000",30,200,"control","A",8000,-1.87263013106889e-08,0.149366076969412
3.09774227628502,0.0402820627737402,0.722600515193086,3.15717169605105e-104,"200_control_B_8000",30,200,"control","B",8000,5.03525784671752e-09,-0.0401625872944994
-15.1195266469062,0.0854334280763044,0.945253611235303,1.31734317050402e-233,"200_control_C_8000",30,200,"control","C",8000,1.06791785095381e-08,-0.0851800349017809
3.4247175249342,0.024094919635467,0.443957295335441,1.0508088540166e-48,"200_control_D_8000",30,200,"control","D",8000,3.01186495443338e-09,-0.0240234547731315
-6.80622160431732,-1.19662800926353,0.979687739371411,1.25136421837875e-312,"50_15_A_8000",30,50,"15","A",8000,-1.49578501157941e-07,1.19307884382772
12.3263014156115,-1.47467485257322,0.977571615155908,9.90017336934264e-305,"50_15_B_8000",30,50,"15","B",8000,-1.84334356571652e-07,1.47030100792368
-13.32551113766,-2.01926284495979,0.998277512377525,0,"50_15_C_8000",30,50,"15","C",8000,-2.52407855619974e-07,2.01327376745228
-32.0826726054821,-2.02178281458811,0.999212315021154,0,"50_15_D_8000",30,50,"15","D",8000,-2.52722851823514e-07,2.01578626292067
25.4094376496959,-1.16331557218526,0.998119502093359,0,"50_20_A_3500",30,50,"20","A",3500,-3.32375877767216e-07,2.65112048117138
18.1901999544827,-1.01541096466794,0.998555227308114,0,"50_20_B_8000",30,50,"20","B",8000,-1.26926370583492e-07,1.01239928395259
24.6385870638767,-1.60143679048709,0.992048410902762,0,"50_20_C_8000",30,50,"20","C",8000,-2.00179598810887e-07,1.59668697345086
13.6218937929077,-2.15277922458004,0.997653242419355,0,"50_20_D_8000",30,50,"20","D",8000,-2.69097403072505e-07,2.14639414119936
15.2143563092863,-0.0206183598469389,0.16884619304999,7.26849929787599e-11,"50_25_A_8000",30,50,"25","A",8000,-2.57729498086736e-09,0.0205572063643651
15.2999474317482,-0.237261736835922,0.961785136356609,4.84961041098259e-165,"50_25_B_8000",30,50,"25","B",8000,-2.96577171044902e-08,0.23655802511507
6.30156752326214,-0.756933177040789,0.992812486300872,0,"50_25_C_8000",30,50,"25","C",8000,-9.46166471300987e-08,0.754688134263608
8.40178422139567,-1.06925708876151,0.971419327221461,2.06474941815654e-285,"50_25_D_8000",30,50,"25","D",8000,-1.33657136095189e-07,1.06608570193783
-3.25398490373049,-0.0551185988561538,0.871425980145832,1.5088245684926e-165,"50_control_A_8000",30,50,"control","A",8000,-6.88982485701923e-09,0.0549551186230187
12.9685150361737,0.0017359385330115,0.00821891591786836,0.0820062328223819,"50_control_B_8000",30,50,"control","B",8000,2.16992316626438e-10,-0.0017307897875431
-8.0094550457047,0.0921752268508665,0.95751584577135,8.09722555606327e-254,"50_control_C_8000",30,50,"control","C",8000,1.15219033563583e-08,-0.0919018376884498
-1.70507508673846,-0.0387925665277242,0.701869527863783,1.7752233044807e-98,"50_control_D_8000",30,50,"control","D",8000,-4.84907081596553e-09,0.0386775088529743
